Date,BTC-USD,ETH-USD,SOL-USD
2020-04-10,6865.4931640625,158.41244506835938,0.9510539770126343
2020-04-11,6859.0830078125,158.2160186767578,0.7768189907073975
2020-04-12,6971.091796875,161.14242553710938,0.8825070261955261
2020-04-13,6845.03759765625,156.27955627441406,0.7778319716453552
2020-04-14,6842.427734375,157.5963897705078,0.6619250178337097
2020-04-15,6642.10986328125,153.28689575195312,0.646651029586792
2020-04-16,7116.80419921875,172.15737915039062,0.6908159852027893
2020-04-17,7096.1845703125,171.63858032226562,0.6607279777526855
2020-04-18,7257.6650390625,186.91400146484375,0.6810960173606873
2020-04-19,7189.4248046875,181.61495971679688,0.6069689989089966
2020-04-20,6881.95849609375,172.2971649169922,0.538811981678009
2020-04-21,6880.3232421875,172.73770141601562,0.5876590013504028
2020-04-22,7117.20751953125,182.59957885742188,0.6916009783744812
2020-04-23,7429.724609375,185.02867126464844,0.6274570226669312
2020-04-24,7550.90087890625,189.2369384765625,0.6342419981956482
2020-04-25,7569.93603515625,195.5153045654297,0.6433290243148804
2020-04-26,7679.8671875,197.31753540039062,0.6355059742927551
2020-04-27,7795.60107421875,197.22471618652344,0.5723720192909241
2020-04-28,7807.05859375,198.41539001464844,0.6612930297851562
2020-04-29,8801.0380859375,216.96823120117188,0.7458400130271912
2020-04-30,8658.5537109375,207.60205078125,0.6910449862480164
2020-05-01,8864.7666015625,214.21910095214844,0.7287939786911011
2020-05-02,8988.5966796875,215.32537841796875,0.7158759832382202
2020-05-03,8897.46875,210.9331512451172,0.6795349717140198
2020-05-04,8912.654296875,208.17401123046875,0.6674910187721252
2020-05-05,9003.0703125,206.77439880371094,0.6418370008468628
2020-05-06,9268.76171875,204.0557861328125,0.6225839853286743
2020-05-07,9951.5185546875,212.28941345214844,0.6129779815673828
2020-05-08,9842.666015625,212.9915771484375,0.6049219965934753
2020-05-09,9593.896484375,211.60012817382812,0.6045269966125488
2020-05-10,8756.4306640625,188.5995635986328,0.5370339751243591
2020-05-11,8601.7958984375,185.912841796875,0.5152729749679565
2020-05-12,8804.4775390625,189.3125,0.5385760068893433
2020-05-13,9269.9873046875,199.1932830810547,0.5505319833755493
2020-05-14,9733.7216796875,202.9490966796875,0.5691180229187012
2020-05-15,9328.197265625,195.62266540527344,0.5597519874572754
2020-05-16,9377.013671875,200.6771240234375,0.599120020866394
2020-05-17,9670.7392578125,207.15869140625,0.6129890084266663
2020-05-18,9726.5751953125,214.52505493164062,0.6526700258255005
2020-05-19,9729.0380859375,213.45111083984375,0.6244540214538574
2020-05-20,9522.9814453125,210.09674072265625,0.5791559815406799
2020-05-21,9081.76171875,199.88360595703125,0.6089149713516235
2020-05-22,9182.5771484375,207.169189453125,0.6388750076293945
2020-05-23,9209.287109375,208.69439697265625,0.6130310297012329
2020-05-24,8790.3681640625,202.37034606933594,0.5490530133247375
2020-05-25,8906.9345703125,205.3197479248047,0.6008570194244385
2020-05-26,8835.052734375,201.90231323242188,0.5733069777488708
2020-05-27,9181.017578125,208.86343383789062,0.5909850001335144
2020-05-28,9525.7509765625,219.84042358398438,0.5751550197601318
2020-05-29,9439.1240234375,220.6751251220703,0.5794150233268738
2020-05-30,9700.4140625,242.34559631347656,0.5879330039024353
2020-05-31,9461.05859375,230.9757080078125,0.5700219869613647
2020-06-01,10167.2685546875,246.99176025390625,0.5774949789047241
2020-06-02,9529.8037109375,237.21905517578125,0.5646690130233765
2020-06-03,9656.7177734375,244.1793212890625,0.5866209864616394
2020-06-04,9800.63671875,244.4263916015625,0.5872989892959595
2020-06-05,9665.533203125,241.22198486328125,0.6611549854278564
2020-06-06,9653.6796875,241.9313201904297,0.6224430203437805
2020-06-07,9758.8525390625,245.16725158691406,0.6165779829025269
2020-06-08,9771.4892578125,246.30990600585938,0.6683130264282227
2020-06-09,9795.7001953125,244.9114532470703,0.6580020189285278
2020-06-10,9870.0947265625,247.4449462890625,0.6448670029640198
2020-06-11,9321.78125,231.70266723632812,0.5737419724464417
2020-06-12,9480.84375,237.4932098388672,0.5938689708709717
2020-06-13,9475.27734375,238.90884399414062,0.608942985534668
2020-06-14,9386.7880859375,234.1147003173828,0.5870770215988159
2020-06-15,9450.7021484375,229.9289093017578,0.5706390142440796
2020-06-16,9538.0244140625,234.41616821289062,0.5855759978294373
2020-06-17,9480.2548828125,233.0282745361328,0.5815619826316833
2020-06-18,9411.8408203125,232.10116577148438,0.6209560036659241
2020-06-19,9288.0185546875,227.13829040527344,0.684332013130188
2020-06-20,9332.3408203125,229.27426147460938,0.6435909867286682
2020-06-21,9303.6298828125,228.9898223876953,0.6731489896774292
2020-06-22,9648.7177734375,242.53318786621094,0.7268480062484741
2020-06-23,9629.658203125,244.14215087890625,0.7082970142364502
2020-06-24,9313.6103515625,235.7724609375,0.7369940280914307
2020-06-25,9264.8134765625,232.94448852539062,0.7131940126419067
2020-06-26,9162.91796875,229.6680450439453,0.7411440014839172
2020-06-27,9045.390625,222.9597930908203,0.7135480046272278
2020-06-28,9143.58203125,225.34716796875,0.7984949946403503
2020-06-29,9190.8544921875,228.1948699951172,0.8524540066719055
2020-06-30,9137.9931640625,226.31500244140625,0.8600940108299255
2020-07-01,9228.3251953125,231.11341857910156,0.8326420187950134
2020-07-02,9123.41015625,229.39219665527344,0.7802190184593201
2020-07-03,9087.3037109375,225.38706970214844,0.7680929899215698
2020-07-04,9132.48828125,229.07411193847656,0.7803720235824585
2020-07-05,9073.9423828125,227.6645965576172,0.6916639804840088
2020-07-06,9375.474609375,241.51022338867188,0.7079079747200012
2020-07-07,9252.27734375,239.07553100585938,0.7530480027198792
2020-07-08,9428.3330078125,246.67001342773438,0.7967129945755005
2020-07-09,9277.9677734375,243.01596069335938,0.8534529805183411
2020-07-10,9278.8076171875,240.9849853515625,0.9135599732398987
2020-07-11,9240.3466796875,239.4581756591797,0.9246240258216858
2020-07-12,9276.5,242.13169860839844,1.0167160034179688
2020-07-13,9243.6142578125,239.60458374023438,1.175734043121338
2020-07-14,9243.2138671875,240.21148681640625,1.148074984550476
2020-07-15,9192.8369140625,238.42352294921875,1.289597988128662
2020-07-16,9132.2275390625,233.64088439941406,0.8724409937858582
2020-07-17,9151.392578125,232.77308654785156,0.9778370261192322
2020-07-18,9159.0400390625,235.4838104248047,0.9665830135345459
2020-07-19,9185.8173828125,238.48751831054688,0.9203490018844604
2020-07-20,9164.2314453125,236.15316772460938,0.8730890154838562
2020-07-21,9374.8876953125,245.0167236328125,0.9771659970283508
2020-07-22,9525.36328125,262.1906433105469,1.0440870523452759
2020-07-23,9581.072265625,274.6890563964844,1.0498440265655518
2020-07-24,9536.892578125,279.2154235839844,0.9953460097312927
2020-07-25,9677.11328125,304.0567626953125,1.252223014831543
2020-07-26,9905.1669921875,309.64361572265625,1.5651099681854248
2020-07-27,10990.873046875,321.51409912109375,1.7786359786987305
2020-07-28,10912.8232421875,316.6572570800781,1.7840670347213745
2020-07-29,11100.4677734375,318.1908874511719,1.6582889556884766
2020-07-30,11111.2138671875,334.5866394042969,1.6868070363998413
2020-07-31,11323.466796875,345.5546569824219,1.5381779670715332
2020-08-01,11759.5927734375,385.19970703125,1.526610016822815
2020-08-02,11053.6142578125,370.6717224121094,1.7428100109100342
2020-08-03,11246.3486328125,386.295166015625,1.802610993385315
2020-08-04,11205.892578125,389.87548828125,1.8716390132904053
2020-08-05,11747.0224609375,401.590576171875,1.7545499801635742
2020-08-06,11779.7734375,394.9619445800781,2.206347942352295
2020-08-07,11601.47265625,379.5128479003906,2.0859029293060303
2020-08-08,11754.0458984375,393.98736572265625,2.4736249446868896
2020-08-09,11675.7392578125,391.1204528808594,2.6652278900146484
2020-08-10,11878.111328125,395.8875732421875,3.1317930221557617
2020-08-11,11410.525390625,380.3840637207031,3.3034191131591797
2020-08-12,11584.9345703125,391.024169921875,3.7697510719299316
2020-08-13,11784.1376953125,428.7417907714844,3.7559709548950195
2020-08-14,11768.87109375,437.3978271484375,3.4093880653381348
2020-08-15,11865.6982421875,433.35491943359375,3.1837949752807617
2020-08-16,11892.8037109375,433.78662109375,3.385653018951416
2020-08-17,12254.40234375,429.53125,3.0986080169677734
2020-08-18,11991.2333984375,423.6693115234375,3.3299760818481445
2020-08-19,11758.283203125,406.4637756347656,2.899040937423706
2020-08-20,11878.3720703125,416.4397888183594,3.2082669734954834
2020-08-21,11592.4892578125,389.1263427734375,2.9436678886413574
2020-08-22,11681.8251953125,395.83514404296875,3.020885944366455
2020-08-23,11664.84765625,391.3844909667969,3.3224310874938965
2020-08-24,11774.595703125,408.1441955566406,3.3449859619140625
2020-08-25,11366.134765625,384.00103759765625,3.264849901199341
2020-08-26,11488.36328125,386.46612548828125,3.5583748817443848
2020-08-27,11323.3974609375,382.63262939453125,3.4450600147247314
2020-08-28,11542.5,395.8746643066406,4.011393070220947
2020-08-29,11506.865234375,399.9214782714844,3.968808889389038
2020-08-30,11711.505859375,428.3957214355469,4.4358229637146
2020-08-31,11680.8203125,435.0797424316406,4.782045841217041
2020-09-01,11970.478515625,477.0519104003906,4.344515800476074
2020-09-02,11414.0341796875,440.0404968261719,4.1644721031188965
2020-09-03,10245.296875,385.67193603515625,3.5273399353027344
2020-09-04,10511.8134765625,388.24114990234375,3.5457940101623535
2020-09-05,10169.5673828125,335.26007080078125,2.5979158878326416
2020-09-06,10280.3515625,353.3622741699219,3.086042881011963
2020-09-07,10369.5634765625,352.6734924316406,2.928528070449829
2020-09-08,10131.5166015625,337.60211181640625,2.4689769744873047
2020-09-09,10242.34765625,351.1100158691406,3.636378049850464
2020-09-10,10363.138671875,368.1018981933594,3.469836950302124
2020-09-11,10400.9150390625,374.6955871582031,3.4274280071258545
2020-09-12,10442.1708984375,387.18310546875,3.332659959793091
2020-09-13,10323.755859375,365.57000732421875,3.2258388996124268
2020-09-14,10680.837890625,377.26885986328125,3.2691330909729004
2020-09-15,10796.951171875,364.8392028808594,2.9391210079193115
2020-09-16,10974.9052734375,365.8122863769531,2.5453989505767822
2020-09-17,10948.990234375,389.01922607421875,2.891874074935913
2020-09-18,10944.5859375,384.3645324707031,3.1079399585723877
2020-09-19,11094.3466796875,385.54437255859375,3.028891086578369
2020-09-20,10938.271484375,371.0528259277344,2.8709030151367188
2020-09-21,10462.259765625,341.78607177734375,2.7825090885162354
2020-09-22,10538.4599609375,344.503173828125,2.9155189990997314
2020-09-23,10246.1865234375,321.1163024902344,2.836756944656372
2020-09-24,10760.06640625,349.3555908203125,3.1327149868011475
2020-09-25,10692.716796875,352.1832580566406,3.1886119842529297
2020-09-26,10750.7236328125,355.48809814453125,3.1347029209136963
2020-09-27,10775.26953125,357.4385070800781,3.152946949005127
2020-09-28,10709.65234375,355.159423828125,2.9566779136657715
2020-09-29,10844.640625,359.75738525390625,2.9464330673217773
2020-09-30,10784.4912109375,359.9378662109375,2.897876024246216
2020-10-01,10619.4521484375,353.2059020996094,2.861027956008911
2020-10-02,10575.974609375,346.2389221191406,2.6260828971862793
2020-10-03,10549.3291015625,346.5220947265625,2.5473029613494873
2020-10-04,10669.5830078125,352.5790100097656,2.5159950256347656
2020-10-05,10793.33984375,353.956787109375,2.657644033432007
2020-10-06,10604.40625,340.81585693359375,2.1762499809265137
2020-10-07,10668.96875,341.80865478515625,2.2917959690093994
2020-10-08,10915.685546875,350.7661437988281,2.365220069885254
2020-10-09,11064.4580078125,365.5904846191406,2.5398590564727783
2020-10-10,11296.361328125,370.96759033203125,2.406090021133423
2020-10-11,11384.181640625,375.1420593261719,2.4265780448913574
2020-10-12,11555.36328125,387.73126220703125,2.5870718955993652
2020-10-13,11425.8994140625,381.1907653808594,2.404910087585449
2020-10-14,11429.5068359375,379.4840393066406,2.3146350383758545
2020-10-15,11495.349609375,377.44183349609375,2.2664361000061035
2020-10-16,11322.123046875,366.22900390625,2.149385929107666
2020-10-17,11358.1015625,368.8559265136719,2.201843023300171
2020-10-18,11483.359375,378.21368408203125,2.2142670154571533
2020-10-19,11742.037109375,379.93560791015625,2.058079957962036
2020-10-20,11916.3349609375,369.13690185546875,1.8886719942092896
2020-10-21,12823.689453125,392.1899719238281,1.8903779983520508
2020-10-22,12965.8916015625,413.7729797363281,1.9556529521942139
2020-10-23,12931.5390625,409.7666931152344,1.960034966468811
2020-10-24,13108.0625,412.4576110839844,1.9118280410766602
2020-10-25,13031.173828125,406.2177734375,1.7874590158462524
2020-10-26,13075.248046875,393.8883056640625,1.6854660511016846
2020-10-27,13654.21875,403.9970397949219,1.7102320194244385
2020-10-28,13271.28515625,388.6507568359375,1.4900530576705933
2020-10-29,13437.8828125,386.7301025390625,1.4289360046386719
2020-10-30,13546.5224609375,382.8199768066406,1.4413360357284546
2020-10-31,13780.9951171875,386.59033203125,1.5406999588012695
2020-11-01,13737.109375,396.3581848144531,1.5998400449752808
2020-11-02,13550.4892578125,383.15673828125,1.474071979522705
2020-11-03,13950.30078125,387.6021728515625,1.4122339487075806
2020-11-04,14133.70703125,402.1419982910156,1.3922549486160278
2020-11-05,15579.8486328125,414.0673522949219,1.4052180051803589
2020-11-06,15565.880859375,454.71929931640625,1.9137400388717651
2020-11-07,14833.75390625,435.713134765625,2.031964063644409
2020-11-08,15479.5673828125,453.5547790527344,2.1565980911254883
2020-11-09,15332.3154296875,444.1630554199219,2.0286519527435303
2020-11-10,15290.90234375,449.67962646484375,2.2479870319366455
2020-11-11,15701.33984375,462.9605407714844,2.0021250247955322
2020-11-12,16276.34375,461.0052795410156,1.8991379737854004
2020-11-13,16317.80859375,474.6264343261719,2.020792007446289
2020-11-14,16068.138671875,460.14984130859375,1.9170160293579102
2020-11-15,15955.587890625,447.55908203125,2.04323410987854
2020-11-16,16716.111328125,459.9403076171875,2.255354881286621
2020-11-17,17645.40625,480.3600769042969,2.202181100845337
2020-11-18,17804.005859375,479.48406982421875,2.1150290966033936
2020-11-19,17817.08984375,471.63043212890625,2.0767691135406494
2020-11-20,18621.314453125,509.74456787109375,2.0953919887542725
2020-11-21,18642.232421875,549.4866333007812,2.382205009460449
2020-11-22,18370.001953125,558.068115234375,2.1448450088500977
2020-11-23,18364.12109375,608.4540405273438,2.276376962661743
2020-11-24,19107.46484375,603.8977661132812,2.2679669857025146
2020-11-25,18732.12109375,570.6866455078125,2.270034074783325
2020-11-26,17150.623046875,518.8011474609375,1.9030369520187378
2020-11-27,17108.40234375,517.4937133789062,1.8579490184783936
2020-11-28,17717.4140625,538.2297973632812,1.8889349699020386
2020-11-29,18177.484375,575.758056640625,1.915155053138733
2020-11-30,19625.8359375,614.842529296875,1.9668910503387451
2020-12-01,18802.998046875,587.3241577148438,1.976307988166809
2020-12-02,19201.091796875,598.3523559570312,2.115401029586792
2020-12-03,19445.3984375,616.708740234375,2.1003708839416504
2020-12-04,18699.765625,569.3541870117188,1.8559529781341553
2020-12-05,19154.23046875,596.595458984375,1.9787739515304565
2020-12-06,19345.12109375,601.9089965820312,1.8542490005493164
2020-12-07,19191.630859375,591.8433837890625,1.8311729431152344
2020-12-08,18321.14453125,554.8277587890625,1.6653519868850708
2020-12-09,18553.916015625,573.4791259765625,1.6623040437698364
2020-12-10,18264.9921875,559.6785278320312,1.5741510391235352
2020-12-11,18058.904296875,545.79736328125,1.4445849657058716
2020-12-12,18803.65625,568.5673217773438,1.4909119606018066
2020-12-13,19142.3828125,589.6632080078125,1.5654560327529907
2020-12-14,19246.64453125,586.0111694335938,1.5916459560394287
2020-12-15,19417.076171875,589.3555908203125,1.7606710195541382
2020-12-16,21310.59765625,636.1818237304688,1.7835979461669922
2020-12-17,22805.162109375,642.8689575195312,1.6786340475082397
2020-12-18,23137.9609375,654.8119506835938,1.698799967765808
2020-12-19,23869.83203125,659.2979125976562,1.6686509847640991
2020-12-20,23477.294921875,638.2908325195312,1.5635759830474854
2020-12-21,22803.08203125,609.81787109375,1.5419150590896606
2020-12-22,23783.029296875,634.8541870117188,1.4902859926223755
2020-12-23,23241.345703125,583.714599609375,1.2056920528411865
2020-12-24,23735.94921875,611.607177734375,1.3624080419540405
2020-12-25,24664.791015625,626.4107055664062,1.445402979850769
2020-12-26,26437.037109375,635.8358154296875,1.3242379426956177
2020-12-27,26272.294921875,682.642333984375,1.3030420541763306
2020-12-28,27084.80859375,730.3973388671875,1.515684962272644
2020-12-29,27362.4375,731.5201416015625,1.6743450164794922
2020-12-30,28840.953125,751.6189575195312,1.5354570150375366
2020-12-31,29001.720703125,737.8034057617188,1.5108979940414429
2021-01-01,29374.15234375,730.3675537109375,1.8420840501785278
2021-01-02,32127.267578125,774.5349731445312,1.7992750406265259
2021-01-03,32782.0234375,975.5076904296875,2.1617519855499268
2021-01-04,31971.9140625,1040.2330322265625,2.4850969314575195
2021-01-05,33992.4296875,1100.006103515625,2.157217025756836
2021-01-06,36824.36328125,1207.1121826171875,1.929216980934143
2021-01-07,39371.04296875,1225.6781005859375,2.3727450370788574
2021-01-08,40797.609375,1224.1971435546875,3.2198870182037354
2021-01-09,40254.546875,1281.0772705078125,3.3853819370269775
2021-01-10,38356.44140625,1262.2467041015625,3.466110944747925
2021-01-11,35566.65625,1090.1453857421875,3.1080899238586426
2021-01-12,33922.9609375,1043.4345703125,3.6133980751037598
2021-01-13,37316.359375,1130.7393798828125,3.513782024383545
2021-01-14,39187.328125,1218.4530029296875,3.2781639099121094
2021-01-15,36825.3671875,1171.8345947265625,3.2501609325408936
2021-01-16,36178.140625,1233.53759765625,3.4470551013946533
2021-01-17,35791.27734375,1230.1722412109375,3.81813907623291
2021-01-18,36630.07421875,1257.279541015625,3.7955150604248047
2021-01-19,36069.8046875,1377.2958984375,3.6418659687042236
2021-01-20,35547.75,1382.2740478515625,3.7235779762268066
2021-01-21,30825.69921875,1121.5709228515625,2.9905359745025635
2021-01-22,33005.76171875,1236.51220703125,3.346229076385498
2021-01-23,32067.642578125,1230.9906005859375,3.5041120052337646
2021-01-24,32289.37890625,1391.609375,3.634411096572876
2021-01-25,32366.392578125,1324.414794921875,3.6999809741973877
2021-01-26,32569.849609375,1357.05810546875,4.04734992980957
2021-01-27,30432.546875,1253.1871337890625,3.690587043762207
2021-01-28,33466.09765625,1332.4921875,3.8220720291137695
2021-01-29,34316.38671875,1382.5228271484375,3.8346760272979736
2021-01-30,34269.5234375,1376.115478515625,4.224276065826416
2021-01-31,33114.359375,1314.9862060546875,4.264143943786621
2021-02-01,33537.17578125,1369.04052734375,4.611601829528809
2021-02-02,35510.2890625,1515.1937255859375,5.267508029937744
2021-02-03,37472.08984375,1660.9095458984375,5.71599006652832
2021-02-04,36926.06640625,1594.7626953125,6.426064968109131
2021-02-05,38144.30859375,1718.65087890625,6.681719779968262
2021-02-06,39266.01171875,1677.8468017578125,6.110806941986084
2021-02-07,38903.44140625,1614.227783203125,6.700462818145752
2021-02-08,46196.46484375,1746.6168212890625,7.8832502365112305
2021-02-09,46481.10546875,1768.0350341796875,7.816792964935303
2021-02-10,44918.18359375,1744.243408203125,9.072214126586914
2021-02-11,47909.33203125,1783.7979736328125,9.215352058410645
2021-02-12,47504.8515625,1843.5325927734375,9.2470121383667
2021-02-13,47105.515625,1814.10986328125,8.732455253601074
2021-02-14,48717.2890625,1805.0841064453125,8.738896369934082
2021-02-15,47945.05859375,1779.791015625,8.861739158630371
2021-02-16,49199.87109375,1781.0675048828125,8.297866821289062
2021-02-17,52149.0078125,1848.458251953125,8.222577095031738
2021-02-18,51679.796875,1937.44921875,8.980451583862305
2021-02-19,55888.1328125,1960.164794921875,11.465653419494629
2021-02-20,56099.51953125,1919.5340576171875,10.002663612365723
2021-02-21,57539.9453125,1935.60107421875,11.0855131149292
2021-02-22,54207.3203125,1781.992919921875,14.454785346984863
2021-02-23,48824.42578125,1570.2039794921875,15.2015380859375
2021-02-24,49705.33203125,1626.57568359375,17.30270767211914
2021-02-25,47093.8515625,1475.7037353515625,13.816014289855957
2021-02-26,46339.76171875,1446.03369140625,13.58794116973877
2021-02-27,46188.453125,1459.97314453125,13.201168060302734
2021-02-28,45137.76953125,1416.0489501953125,13.08924674987793
2021-03-01,49631.2421875,1564.7076416015625,14.955588340759277
2021-03-02,48378.98828125,1492.6087646484375,13.958921432495117
2021-03-03,50538.2421875,1575.8531494140625,14.115591049194336
2021-03-04,48561.16796875,1541.914306640625,13.097983360290527
2021-03-05,48927.3046875,1533.2750244140625,12.610443115234375
2021-03-06,48912.3828125,1654.7415771484375,13.036458015441895
2021-03-07,51206.69140625,1723.15380859375,13.877732276916504
2021-03-08,52246.5234375,1834.7279052734375,13.602188110351562
2021-03-09,54824.1171875,1868.048828125,14.84631061553955
2021-03-10,56008.55078125,1799.166259765625,14.231083869934082
2021-03-11,57805.12109375,1826.1949462890625,15.992279052734375
2021-03-12,57332.08984375,1772.1024169921875,14.552142143249512
2021-03-13,61243.0859375,1924.6854248046875,15.308802604675293
2021-03-14,59302.31640625,1854.5643310546875,14.50826644897461
2021-03-15,55907.19921875,1791.7022705078125,14.186661720275879
2021-03-16,56804.90234375,1806.9718017578125,13.622773170471191
2021-03-17,58870.89453125,1823.4493408203125,14.220203399658203
2021-03-18,57858.921875,1782.8551025390625,14.230025291442871
2021-03-19,58346.65234375,1817.6241455078125,14.204795837402344
2021-03-20,58313.64453125,1812.6346435546875,14.211980819702148
2021-03-21,57523.421875,1788.217041015625,14.332205772399902
2021-03-22,54529.14453125,1691.333984375,14.919293403625488
2021-03-23,54738.9453125,1678.650146484375,14.20483112335205
2021-03-24,52774.265625,1593.4134521484375,13.661297798156738
2021-03-25,51704.16015625,1595.3592529296875,13.02508544921875
2021-03-26,55137.3125,1702.842041015625,14.779420852661133
2021-03-27,55973.51171875,1716.49462890625,16.50832176208496
2021-03-28,55950.74609375,1691.35595703125,18.016233444213867
2021-03-29,57750.19921875,1819.6849365234375,18.854808807373047
2021-03-30,58917.69140625,1846.03369140625,19.233924865722656
2021-03-31,58918.83203125,1918.362060546875,19.465229034423828
2021-04-01,59095.80859375,1977.27685546875,19.084901809692383
2021-04-02,59384.3125,2143.2255859375,19.810222625732422
2021-04-03,57603.890625,2028.4224853515625,22.552276611328125
2021-04-04,58758.5546875,2093.122802734375,24.061323165893555
2021-04-05,59057.87890625,2107.88720703125,22.984283447265625
2021-04-06,58192.359375,2118.37890625,24.95714569091797
2021-04-07,56048.9375,1971.0772705078125,26.47808074951172
2021-04-08,58323.953125,2088.57373046875,27.033987045288086
2021-04-09,58245.00390625,2072.10888671875,27.778274536132812
2021-04-10,59793.234375,2135.942138671875,26.84140396118164
2021-04-11,60204.96484375,2157.656982421875,27.9318904876709
2021-04-12,59893.453125,2139.353271484375,28.512123107910156
2021-04-13,63503.45703125,2299.187744140625,27.4355525970459
2021-04-14,63109.6953125,2435.10498046875,26.47511100769043
2021-04-15,63314.01171875,2519.1162109375,27.818313598632812
2021-04-16,61572.7890625,2431.946533203125,25.39736557006836
2021-04-17,60683.8203125,2344.89501953125,25.09987449645996
2021-04-18,56216.18359375,2237.136962890625,32.30291748046875
2021-04-19,55724.265625,2166.188720703125,31.67589569091797
2021-04-20,56473.03125,2330.2109375,31.77005386352539
2021-04-21,53906.08984375,2364.751708984375,32.51304244995117
2021-04-22,51762.2734375,2403.53515625,38.8797607421875
2021-04-23,51093.65234375,2363.586181640625,36.97842025756836
2021-04-24,50050.8671875,2211.625732421875,40.7373161315918
2021-04-25,49004.25390625,2316.0595703125,47.36762619018555
2021-04-26,54021.75390625,2534.481689453125,43.97651672363281
2021-04-27,55033.1171875,2662.865234375,43.2390022277832
2021-04-28,54824.703125,2746.380126953125,44.825984954833984
2021-04-29,53555.109375,2756.876953125,42.460540771484375
2021-04-30,57750.17578125,2773.20703125,42.95600128173828
2021-05-01,57828.05078125,2945.892822265625,49.50802230834961
2021-05-02,56631.078125,2952.05615234375,46.890987396240234
2021-05-03,57200.29296875,3431.086181640625,45.93368911743164
2021-05-04,53333.5390625,3253.62939453125,42.729557037353516
2021-05-05,57424.0078125,3522.783203125,44.92357635498047
2021-05-06,56396.515625,3490.88037109375,43.4556770324707
2021-05-07,57356.40234375,3484.72900390625,43.1550178527832
2021-05-08,58803.77734375,3902.647705078125,45.56153106689453
2021-05-09,58232.31640625,3928.8447265625,44.330196380615234
2021-05-10,55859.796875,3952.2939453125,42.90963363647461
2021-05-11,56704.57421875,4168.701171875,44.57746887207031
2021-05-12,49150.53515625,3785.8486328125,42.45730972290039
2021-05-13,49716.19140625,3715.1484375,40.99785232543945
2021-05-14,49880.53515625,4079.057373046875,42.717864990234375
2021-05-15,46760.1875,3638.1220703125,43.461307525634766
2021-05-16,46456.05859375,3587.506103515625,47.200828552246094
2021-05-17,43537.51171875,3282.397705078125,46.86320495605469
2021-05-18,42909.40234375,3380.070068359375,55.91096115112305
2021-05-19,37002.44140625,2460.67919921875,35.107181549072266
2021-05-20,40782.73828125,2784.294189453125,44.74274826049805
2021-05-21,37304.69140625,2430.621337890625,38.81285095214844
2021-05-22,37536.6328125,2295.70556640625,31.315582275390625
2021-05-23,34770.58203125,2109.579833984375,24.68874740600586
2021-05-24,38705.98046875,2643.591064453125,31.283571243286133
2021-05-25,38402.22265625,2706.62890625,29.99707794189453
2021-05-26,39294.19921875,2888.69873046875,35.539817810058594
2021-05-27,38436.96875,2736.488525390625,33.584590911865234
2021-05-28,35697.60546875,2419.90625,29.039276123046875
2021-05-29,34616.06640625,2279.51416015625,27.376420974731445
2021-05-30,35678.12890625,2390.305419921875,28.602659225463867
2021-05-31,37332.85546875,2714.9453125,32.816246032714844
2021-06-01,36684.92578125,2633.518310546875,30.985260009765625
2021-06-02,37575.1796875,2706.125,33.95631790161133
2021-06-03,39208.765625,2855.12646484375,39.47090530395508
2021-06-04,36894.40625,2688.195068359375,37.415069580078125
2021-06-05,35551.95703125,2630.576904296875,39.58539962768555
2021-06-06,35862.37890625,2715.0927734375,42.30837631225586
2021-06-07,33560.70703125,2590.26318359375,38.262332916259766
2021-06-08,33472.6328125,2517.438720703125,41.51781463623047
2021-06-09,37345.12109375,2608.26708984375,42.031776428222656
2021-06-10,36702.59765625,2471.5185546875,41.09867477416992
2021-06-11,37334.3984375,2353.768798828125,36.046085357666016
2021-06-12,35552.515625,2372.484375,36.441688537597656
2021-06-13,39097.859375,2508.3916015625,38.77043533325195
2021-06-14,40218.4765625,2537.89111328125,38.71305465698242
2021-06-15,40406.26953125,2610.936767578125,41.153648376464844
2021-06-16,38347.0625,2367.66357421875,39.703617095947266
2021-06-17,38053.50390625,2372.001953125,39.264591217041016
2021-06-18,35787.24609375,2231.733154296875,36.64879608154297
2021-06-19,35615.87109375,2178.4990234375,35.35343551635742
2021-06-20,35698.296875,2246.364501953125,35.32201385498047
2021-06-21,31676.693359375,1888.447509765625,26.657400131225586
2021-06-22,32505.66015625,1874.9500732421875,26.7718563079834
2021-06-23,33723.02734375,1989.736328125,30.048887252807617
2021-06-24,34662.4375,1988.456298828125,31.181034088134766
2021-06-25,31637.779296875,1813.21728515625,28.698862075805664
2021-06-26,32186.27734375,1829.2392578125,29.712854385375977
2021-06-27,34649.64453125,1978.8946533203125,31.929391860961914
2021-06-28,34434.3359375,2079.657470703125,32.92778015136719
2021-06-29,35867.77734375,2160.768310546875,33.86680221557617
2021-06-30,35040.8359375,2274.547607421875,35.55640411376953
2021-07-01,33572.1171875,2113.60546875,33.40403366088867
2021-07-02,33897.046875,2150.040283203125,34.02048110961914
2021-07-03,34668.546875,2226.1142578125,34.478816986083984
2021-07-04,35287.78125,2321.72412109375,34.31060028076172
2021-07-05,33746.00390625,2198.58251953125,32.984588623046875
2021-07-06,34235.1953125,2324.679443359375,34.26913833618164
2021-07-07,33855.328125,2315.161865234375,36.59136962890625
2021-07-08,32877.37109375,2120.0263671875,33.20372772216797
2021-07-09,33798.01171875,2146.6923828125,33.2646484375
2021-07-10,33520.51953125,2111.403564453125,31.788644790649414
2021-07-11,34240.1875,2139.664794921875,32.17784118652344
2021-07-12,33155.84765625,2036.7210693359375,30.848087310791016
2021-07-13,32702.025390625,1940.083984375,29.12118911743164
2021-07-14,32822.34765625,1994.331298828125,31.2810001373291
2021-07-15,31780.73046875,1911.1756591796875,28.45210075378418
2021-07-16,31421.5390625,1880.3829345703125,26.37000846862793
2021-07-17,31533.068359375,1898.8251953125,26.721668243408203
2021-07-18,31796.810546875,1895.5521240234375,26.751909255981445
2021-07-19,30817.83203125,1817.296630859375,24.44757652282715
2021-07-20,29807.34765625,1787.5107421875,23.48955535888672
2021-07-21,32110.693359375,1990.9708251953125,26.623079299926758
2021-07-22,32313.10546875,2025.2027587890625,27.70208168029785
2021-07-23,33581.55078125,2124.776611328125,28.513879776000977
2021-07-24,34292.4453125,2189.21875,28.702619552612305
2021-07-25,35350.1875,2191.373779296875,28.168773651123047
2021-07-26,37337.53515625,2233.36669921875,28.306642532348633
2021-07-27,39406.94140625,2298.33349609375,28.065326690673828
2021-07-28,39995.90625,2296.54541015625,27.815410614013672
2021-07-29,40008.421875,2380.956787109375,31.281137466430664
2021-07-30,42235.546875,2466.96142578125,32.393943786621094
2021-07-31,41626.1953125,2536.2099609375,36.82731246948242
2021-08-01,39974.89453125,2561.85205078125,34.25436019897461
2021-08-02,39201.9453125,2610.1533203125,33.22241973876953
2021-08-03,38152.98046875,2502.349609375,33.99644088745117
2021-08-04,39747.50390625,2724.619873046875,35.76362609863281
2021-08-05,40869.5546875,2827.328857421875,37.35513687133789
2021-08-06,42816.5,2890.941650390625,39.446102142333984
2021-08-07,44555.80078125,3157.23876953125,39.403472900390625
2021-08-08,43798.1171875,3013.732666015625,37.673824310302734
2021-08-09,46365.40234375,3167.856201171875,38.767784118652344
2021-08-10,45585.03125,3141.691162109375,40.63979721069336
2021-08-11,45593.63671875,3164.2451171875,41.74411392211914
2021-08-12,44428.2890625,3043.414306640625,41.099361419677734
2021-08-13,47793.3203125,3322.211669921875,44.894500732421875
2021-08-14,47096.9453125,3265.443359375,44.112850189208984
2021-08-15,47047.00390625,3310.504150390625,53.74515914916992
2021-08-16,46004.484375,3156.509521484375,62.432464599609375
2021-08-17,44695.359375,3014.845947265625,64.21070861816406
2021-08-18,44801.1875,3020.08984375,72.5433120727539
2021-08-19,46717.578125,3182.7021484375,72.75760650634766
2021-08-20,49339.17578125,3286.935302734375,78.72461700439453
2021-08-21,48905.4921875,3226.083984375,73.75621032714844
2021-08-22,49321.65234375,3242.115478515625,72.80391693115234
2021-08-23,49546.1484375,3319.25732421875,75.70803833007812
2021-08-24,47706.1171875,3172.456298828125,70.67090606689453
2021-08-25,48960.7890625,3224.915283203125,71.95156860351562
2021-08-26,46942.21875,3100.325439453125,75.31620788574219
2021-08-27,49058.66796875,3270.600830078125,88.08698272705078
2021-08-28,48902.40234375,3244.4033203125,96.70317077636719
2021-08-29,48829.83203125,3227.002685546875,94.46967315673828
2021-08-30,47054.984375,3224.374267578125,110.54480743408203
2021-08-31,47166.6875,3433.732666015625,108.48377227783203
2021-09-01,48847.02734375,3834.828125,111.03300476074219
2021-09-02,49327.72265625,3790.989990234375,128.10238647460938
2021-09-03,50025.375,3940.61474609375,146.5830535888672
2021-09-04,49944.625,3887.828369140625,139.11306762695312
2021-09-05,51753.41015625,3952.133544921875,142.0708770751953
2021-09-06,52633.53515625,3928.37939453125,164.38092041015625
2021-09-07,46811.12890625,3426.394287109375,173.14892578125
2021-09-08,46091.390625,3497.315185546875,191.04139709472656
2021-09-09,46391.421875,3427.340087890625,188.19580078125
2021-09-10,44883.91015625,3211.505859375,179.865234375
2021-09-11,45201.45703125,3270.278076171875,178.8678741455078
2021-09-12,46063.26953125,3410.134521484375,174.53762817382812
2021-09-13,44963.07421875,3285.51171875,169.26954650878906
2021-09-14,47092.4921875,3429.169677734375,158.09481811523438
2021-09-15,48176.34765625,3615.28271484375,159.1173858642578
2021-09-16,47783.359375,3571.294921875,152.47406005859375
2021-09-17,47267.51953125,3398.538818359375,147.5930633544922
2021-09-18,48278.36328125,3432.018310546875,169.18421936035156
2021-09-19,47260.21875,3329.447998046875,152.51669311523438
2021-09-20,42843.80078125,2958.993408203125,132.13446044921875
2021-09-21,40693.67578125,2764.43115234375,123.95039367675781
2021-09-22,43574.5078125,3077.867919921875,147.92425537109375
2021-09-23,44895.09765625,3155.523681640625,149.75357055664062
2021-09-24,42839.75,2931.669189453125,139.39564514160156
2021-09-25,42716.59375,2925.565673828125,136.17892456054688
2021-09-26,43208.5390625,3062.265380859375,135.69937133789062
2021-09-27,42235.73046875,2934.138916015625,136.72842407226562
2021-09-28,41034.54296875,2807.296630859375,131.53721618652344
2021-09-29,41564.36328125,2853.143310546875,135.35145568847656
2021-09-30,43790.89453125,3001.678955078125,141.0690460205078
2021-10-01,48116.94140625,3307.51611328125,161.682373046875
2021-10-02,47711.48828125,3391.6943359375,169.093017578125
2021-10-03,48199.953125,3418.358642578125,172.5891571044922
2021-10-04,49112.90234375,3380.089111328125,166.73191833496094
2021-10-05,51514.8125,3518.5185546875,164.11582946777344
2021-10-06,55361.44921875,3580.56201171875,154.1077423095703
2021-10-07,53805.984375,3587.974853515625,154.28118896484375
2021-10-08,53967.84765625,3563.75927734375,158.94920349121094
2021-10-09,54968.22265625,3575.716796875,156.82583618164062
2021-10-10,54771.578125,3425.852783203125,148.0487060546875
2021-10-11,57484.7890625,3545.35400390625,144.85813903808594
2021-10-12,56041.05859375,3492.5732421875,152.73712158203125
2021-10-13,57401.09765625,3606.20166015625,148.17604064941406
2021-10-14,57321.5234375,3786.01416015625,149.75680541992188
2021-10-15,61593.94921875,3862.634765625,162.59620666503906
2021-10-16,60892.1796875,3830.382080078125,157.538818359375
2021-10-17,61553.6171875,3847.1044921875,159.74380493164062
2021-10-18,62026.078125,3748.76025390625,157.2312774658203
2021-10-19,64261.9921875,3877.65087890625,156.01702880859375
2021-10-20,65992.8359375,4155.9921875,175.94686889648438
2021-10-21,62210.171875,4054.32275390625,190.3184356689453
2021-10-22,60692.265625,3970.181884765625,196.43153381347656
2021-10-23,61393.6171875,4171.66357421875,197.703857421875
2021-10-24,60930.8359375,4087.903076171875,202.3619842529297
2021-10-25,63039.82421875,4217.876953125,210.1042938232422
2021-10-26,60363.79296875,4131.10205078125,199.8072509765625
2021-10-27,58482.38671875,3930.25732421875,183.77459716796875
2021-10-28,60622.13671875,4287.31884765625,194.86398315429688
2021-10-29,62227.96484375,4414.74658203125,200.18275451660156
2021-10-30,61888.83203125,4325.650390625,195.4160614013672
2021-10-31,61318.95703125,4288.07421875,202.4210205078125
2021-11-01,61004.40625,4324.626953125,203.5450897216797
2021-11-02,63226.40234375,4584.798828125,220.23959350585938
2021-11-03,62970.046875,4607.19384765625,242.89881896972656
2021-11-04,61452.23046875,4537.32421875,247.3877716064453
2021-11-05,61125.67578125,4486.2431640625,236.47433471679688
2021-11-06,61527.48046875,4521.5810546875,258.934326171875
2021-11-07,63326.98828125,4620.5546875,249.823486328125
2021-11-08,67566.828125,4812.08740234375,248.46717834472656
2021-11-09,66971.828125,4735.06884765625,239.213134765625
2021-11-10,64995.23046875,4636.17431640625,233.77952575683594
2021-11-11,64949.9609375,4730.38427734375,234.24075317382812
2021-11-12,64155.94140625,4667.115234375,228.50209045410156
2021-11-13,64469.52734375,4651.46044921875,241.8250274658203
2021-11-14,65466.83984375,4626.35888671875,238.42552185058594
2021-11-15,63557.87109375,4557.50390625,237.55360412597656
2021-11-16,60161.24609375,4216.365234375,219.23902893066406
2021-11-17,60368.01171875,4287.59375,218.71524047851562
2021-11-18,56942.13671875,4000.65087890625,195.48741149902344
2021-11-19,58119.578125,4298.306640625,215.28001403808594
2021-11-20,59697.1953125,4409.93115234375,218.01527404785156
2021-11-21,58730.4765625,4269.73291015625,231.28262329101562
2021-11-22,56289.2890625,4088.457763671875,215.73727416992188
2021-11-23,57569.07421875,4340.763671875,221.83689880371094
2021-11-24,56280.42578125,4239.9814453125,214.92153930664062
2021-11-25,57274.6796875,4274.7431640625,206.25299072265625
2021-11-26,53569.765625,4030.908935546875,191.51174926757812
2021-11-27,54815.078125,4096.912109375,193.10215759277344
2021-11-28,57248.45703125,4294.45361328125,200.67665100097656
2021-11-29,57806.56640625,4445.10498046875,204.31936645507812
2021-11-30,57005.42578125,4631.47900390625,208.67098999023438
2021-12-01,57229.828125,4586.990234375,229.7992401123047
2021-12-02,56477.81640625,4511.30224609375,233.9930419921875
2021-12-03,53598.24609375,4220.7060546875,211.22439575195312
2021-12-04,49200.703125,4119.58740234375,201.1248321533203
2021-12-05,49368.84765625,4198.32275390625,196.1682586669922
2021-12-06,50582.625,4358.7373046875,194.19921875
2021-12-07,50700.0859375,4315.0615234375,190.59690856933594
2021-12-08,50504.796875,4439.35791015625,194.6217041015625
2021-12-09,47672.12109375,4119.81591796875,181.17808532714844
2021-12-10,47243.3046875,3908.49609375,167.954833984375
2021-12-11,49362.5078125,4084.452392578125,171.94949340820312
2021-12-12,50098.3359375,4134.453125,173.43167114257812
2021-12-13,46737.48046875,3784.226806640625,155.2130584716797
2021-12-14,46612.6328125,3745.4404296875,153.34144592285156
2021-12-15,48896.72265625,4018.388671875,178.34078979492188
2021-12-16,47665.42578125,3962.4697265625,176.9546661376953
2021-12-17,46202.14453125,3879.486572265625,175.5032958984375
2021-12-18,46848.77734375,3960.860107421875,182.8351287841797
2021-12-19,46707.015625,3922.592529296875,180.09805297851562
2021-12-20,46880.27734375,3933.844482421875,173.67178344726562
2021-12-21,48936.61328125,4020.260009765625,180.09254455566406
2021-12-22,48628.51171875,3982.099609375,178.5971221923828
2021-12-23,50784.5390625,4108.015625,190.03631591796875
2021-12-24,50822.1953125,4047.98291015625,190.273193359375
2021-12-25,50429.859375,4093.281005859375,193.1209259033203
2021-12-26,50809.515625,4067.328125,198.000732421875
2021-12-27,50640.41796875,4037.547607421875,195.42950439453125
2021-12-28,47588.85546875,3800.89306640625,177.42562866210938
2021-12-29,46444.7109375,3628.53173828125,170.65756225585938
2021-12-30,47178.125,3713.85205078125,172.75119018554688
2021-12-31,46306.4453125,3682.6328125,170.299072265625
2022-01-01,47686.8125,3769.697021484375,178.5179443359375
2022-01-02,47345.21875,3829.56494140625,176.38284301757812
2022-01-03,46458.1171875,3761.38037109375,170.29774475097656
2022-01-04,45897.57421875,3794.056640625,167.93890380859375
2022-01-05,43569.00390625,3550.386962890625,155.0997314453125
2022-01-06,43160.9296875,3418.408203125,150.4313507080078
2022-01-07,41557.90234375,3193.21044921875,136.40281677246094
2022-01-08,41733.94140625,3091.97265625,142.51345825195312
2022-01-09,41911.6015625,3157.75146484375,140.83900451660156
2022-01-10,41821.26171875,3083.097900390625,135.95494079589844
2022-01-11,42735.85546875,3238.111572265625,140.18385314941406
2022-01-12,43949.1015625,3372.25830078125,151.70310974121094
2022-01-13,42591.5703125,3248.28857421875,146.01004028320312
2022-01-14,43099.69921875,3310.00146484375,146.15902709960938
2022-01-15,43177.3984375,3330.53076171875,147.80117797851562
2022-01-16,43113.87890625,3350.921875,147.8565216064453
2022-01-17,42250.55078125,3212.304931640625,139.92601013183594
2022-01-18,42375.6328125,3164.025146484375,141.58718872070312
2022-01-19,41744.328125,3095.825927734375,135.79238891601562
2022-01-20,40680.41796875,3001.1201171875,127.20528411865234
2022-01-21,36457.31640625,2557.931640625,111.96605682373047
2022-01-22,35030.25,2405.18115234375,94.1783676147461
2022-01-23,36276.8046875,2535.0390625,99.5782241821289
2022-01-24,36654.328125,2440.352294921875,91.65016174316406
2022-01-25,36954.00390625,2455.93505859375,94.72035217285156
2022-01-26,36852.12109375,2468.0302734375,92.23804473876953
2022-01-27,37138.234375,2423.001220703125,89.63249206542969
2022-01-28,37784.33203125,2547.092041015625,91.31289672851562
2022-01-29,38138.1796875,2597.084716796875,96.2234878540039
2022-01-30,37917.6015625,2603.466552734375,93.29767608642578
2022-01-31,38483.125,2688.27880859375,99.73883819580078
2022-02-01,38743.2734375,2792.1171875,109.9789810180664
2022-02-02,36952.984375,2682.85400390625,101.83760070800781
2022-02-03,37154.6015625,2679.16259765625,101.45903778076172
2022-02-04,41500.875,2983.5869140625,112.17424774169922
2022-02-05,41441.1640625,3014.648193359375,113.89430236816406
2022-02-06,42412.43359375,3057.47607421875,115.29975891113281
2022-02-07,43840.28515625,3142.470703125,117.35514831542969
2022-02-08,44118.4453125,3122.608642578125,113.5954818725586
2022-02-09,44338.796875,3239.45703125,114.01937866210938
2022-02-10,43565.11328125,3077.482177734375,106.20280456542969
2022-02-11,42407.9375,2927.383544921875,96.38188171386719
2022-02-12,42244.46875,2917.36279296875,95.91820526123047
2022-02-13,42197.515625,2883.46337890625,93.24410247802734
2022-02-14,42586.91796875,2933.47900390625,96.43327331542969
2022-02-15,44575.203125,3179.877197265625,104.87330627441406
2022-02-16,43961.859375,3127.830078125,101.93289947509766
2022-02-17,40538.01171875,2881.48193359375,93.4104232788086
2022-02-18,40030.9765625,2785.7275390625,90.06546020507812
2022-02-19,40122.15625,2763.701171875,91.49665069580078
2022-02-20,38431.37890625,2628.6484375,90.90141296386719
2022-02-21,37075.28125,2573.816162109375,83.12316131591797
2022-02-22,38286.02734375,2639.29931640625,86.46538543701172
2022-02-23,37296.5703125,2590.359619140625,84.90278625488281
2022-02-24,38332.609375,2598.067138671875,89.19474792480469
2022-02-25,39214.21875,2764.53564453125,92.59882354736328
2022-02-26,39105.1484375,2781.11181640625,90.14156341552734
2022-02-27,37709.78515625,2621.8017578125,85.51905059814453
2022-02-28,43193.234375,2919.201171875,99.52034759521484
2022-03-01,44354.63671875,2972.485107421875,98.65355682373047
2022-03-02,43924.1171875,2950.118408203125,100.6496353149414
2022-03-03,42451.7890625,2834.468994140625,95.53919982910156
2022-03-04,39137.60546875,2617.156005859375,88.24597930908203
2022-03-05,39400.5859375,2664.8310546875,89.64784240722656
2022-03-06,38419.984375,2555.037353515625,84.54218292236328
2022-03-07,38062.0390625,2497.771240234375,82.13006591796875
2022-03-08,38737.26953125,2576.74755859375,82.2547607421875
2022-03-09,41982.92578125,2729.783447265625,88.20206451416016
2022-03-10,39437.4609375,2608.048583984375,82.9390869140625
2022-03-11,38794.97265625,2559.56298828125,80.7449951171875
2022-03-12,38904.01171875,2574.754150390625,81.55381774902344
2022-03-13,37849.6640625,2518.944580078125,78.93607330322266
2022-03-14,39666.75390625,2590.696044921875,81.17333984375
2022-03-15,39338.78515625,2620.149658203125,82.95508575439453
2022-03-16,41143.9296875,2772.0556640625,87.90362548828125
2022-03-17,40951.37890625,2814.8544921875,87.87684631347656
2022-03-18,41801.15625,2945.343017578125,89.82203674316406
2022-03-19,42190.65234375,2946.257080078125,92.41815185546875
2022-03-20,41247.82421875,2860.459228515625,88.61486053466797
2022-03-21,41077.99609375,2897.9765625,88.7572021484375
2022-03-22,42358.80859375,2973.131103515625,90.51296997070312
2022-03-23,42892.95703125,3031.067138671875,95.1026840209961
2022-03-24,43960.93359375,3108.06201171875,102.22369384765625
2022-03-25,44348.73046875,3106.67138671875,98.6581039428711
2022-03-26,44500.828125,3143.178955078125,101.7641830444336
2022-03-27,46820.4921875,3291.57763671875,107.08422088623047
2022-03-28,47128.00390625,3336.634521484375,106.46525573730469
2022-03-29,47465.73046875,3401.98779296875,111.71031188964844
2022-03-30,47062.6640625,3385.157958984375,120.6994857788086
2022-03-31,45538.67578125,3281.642822265625,122.66146087646484
2022-04-01,46281.64453125,3449.55224609375,134.43093872070312
2022-04-02,45868.94921875,3445.059326171875,132.19886779785156
2022-04-03,46453.56640625,3522.83349609375,136.77532958984375
2022-04-04,46622.67578125,3521.2412109375,132.41262817382812
2022-04-05,45555.9921875,3411.79248046875,126.86223602294922
2022-04-06,43206.73828125,3171.69189453125,112.88338470458984
2022-04-07,43503.84765625,3233.274658203125,118.79651641845703
2022-04-08,42287.6640625,3192.073974609375,109.8008804321289
2022-04-09,42782.13671875,3261.916259765625,112.97279357910156
2022-04-10,42207.671875,3211.866943359375,111.74243927001953
2022-04-11,39521.90234375,2981.05224609375,99.33910369873047
2022-04-12,40127.18359375,3030.37646484375,103.30638885498047
2022-04-13,41166.73046875,3118.34423828125,105.00194549560547
2022-04-14,39935.515625,3019.909423828125,100.70780181884766
2022-04-15,40553.46484375,3040.91650390625,101.30977630615234
2022-04-16,40424.484375,3062.310302734375,102.25731658935547
2022-04-17,39716.953125,2993.4033203125,100.40969848632812
2022-04-18,40826.21484375,3057.606689453125,102.15853118896484
2022-04-19,41502.75,3104.1064453125,108.58203125
2022-04-20,41374.37890625,3077.745849609375,105.49700164794922
2022-04-21,40527.36328125,2987.480712890625,101.77613830566406
2022-04-22,39740.3203125,2964.835693359375,100.61205291748047
2022-04-23,39486.73046875,2938.114013671875,100.74443817138672
2022-04-24,39469.29296875,2922.732666015625,99.23579406738281
2022-04-25,40458.30859375,3009.3935546875,101.24763488769531
2022-04-26,38117.4609375,2808.29833984375,95.78215026855469
2022-04-27,39241.12109375,2888.9296875,98.37886810302734
2022-04-28,39773.828125,2936.94091796875,98.18572998046875
2022-04-29,38609.82421875,2815.601806640625,94.01134490966797
2022-04-30,37714.875,2730.186767578125,85.09593200683594
2022-05-01,38469.09375,2827.756103515625,89.6715087890625
2022-05-02,38529.328125,2857.410400390625,87.58101654052734
2022-05-03,37750.453125,2783.476318359375,85.84237670898438
2022-05-04,39698.37109375,2940.644775390625,92.7708511352539
2022-05-05,36575.140625,2749.213134765625,84.59602355957031
2022-05-06,36040.921875,2694.979736328125,81.76410675048828
2022-05-07,35501.953125,2636.093017578125,78.9834213256836
2022-05-08,34059.265625,2517.4599609375,75.22018432617188
2022-05-09,30296.953125,2245.430419921875,63.2696533203125
2022-05-10,31022.90625,2343.510986328125,66.76615142822266
2022-05-11,28936.35546875,2072.108642578125,50.21084976196289
2022-05-12,29047.751953125,1961.7015380859375,44.683589935302734
2022-05-13,29283.103515625,2014.418212890625,48.59355163574219
2022-05-14,30101.265625,2056.27392578125,52.4172248840332
2022-05-15,31305.11328125,2145.706787109375,58.81126022338867
2022-05-16,29862.91796875,2022.7259521484375,53.646461486816406
2022-05-17,30425.857421875,2090.4091796875,57.12562561035156
2022-05-18,28720.271484375,1916.6561279296875,49.75621032714844
2022-05-19,30314.333984375,2018.336181640625,52.2139778137207
2022-05-20,29200.740234375,1961.315673828125,49.538509368896484
2022-05-21,29432.2265625,1974.518310546875,50.3179817199707
2022-05-22,30323.72265625,2043.170166015625,52.75518035888672
2022-05-23,29098.91015625,1972.181884765625,49.05685043334961
2022-05-24,29655.5859375,1978.9827880859375,49.65333557128906
2022-05-25,29562.361328125,1944.827880859375,47.982425689697266
2022-05-26,29267.224609375,1803.913330078125,43.4912109375
2022-05-27,28627.57421875,1724.9228515625,40.981346130371094
2022-05-28,28814.900390625,1757.9417724609375,44.343162536621094
2022-05-29,29445.95703125,1812.031005859375,44.90961456298828
2022-05-30,31726.390625,1996.4412841796875,47.179443359375
2022-05-31,31792.310546875,1942.3280029296875,45.76784133911133
2022-06-01,29799.080078125,1823.5693359375,40.26966857910156
2022-06-02,30467.48828125,1834.1505126953125,40.8913459777832
2022-06-03,29704.390625,1775.07861328125,38.259220123291016
2022-06-04,29832.9140625,1801.6094970703125,38.93144607543945
2022-06-05,29906.662109375,1805.2049560546875,38.480533599853516
2022-06-06,31370.671875,1859.2896728515625,42.43313217163086
2022-06-07,31155.478515625,1814.04833984375,39.43757247924805
2022-06-08,30214.35546875,1793.572265625,38.84336853027344
2022-06-09,30111.998046875,1789.8260498046875,39.97260665893555
2022-06-10,29083.8046875,1665.042236328125,37.08976745605469
2022-06-11,28360.810546875,1529.6634521484375,33.82111740112305
2022-06-12,26762.6484375,1445.216552734375,30.743270874023438
2022-06-13,22487.388671875,1204.582763671875,28.19236183166504
2022-06-14,22206.79296875,1211.662841796875,29.714618682861328
2022-06-15,22572.83984375,1233.2064208984375,34.48794174194336
2022-06-16,20381.650390625,1067.730712890625,29.989742279052734
2022-06-17,20471.482421875,1086.519287109375,30.742919921875
2022-06-18,19017.642578125,993.6367797851562,31.80793571472168
2022-06-19,20553.271484375,1127.656494140625,34.24374771118164
2022-06-20,20599.537109375,1127.6424560546875,35.4171142578125
2022-06-21,20710.59765625,1124.8245849609375,36.121158599853516
2022-06-22,19987.029296875,1051.421875,34.12163543701172
2022-06-23,21085.876953125,1143.38671875,38.17523193359375
2022-06-24,21231.65625,1226.8447265625,42.2120475769043
2022-06-25,21502.337890625,1243.4468994140625,42.33281326293945
2022-06-26,21027.294921875,1199.8316650390625,39.40808868408203
2022-06-27,20735.478515625,1193.6806640625,38.45125198364258
2022-06-28,20280.634765625,1144.5792236328125,35.326438903808594
2022-06-29,20104.0234375,1098.94384765625,33.8739013671875
2022-06-30,19784.7265625,1067.298828125,33.588417053222656
2022-07-01,19269.3671875,1059.767333984375,32.803070068359375
2022-07-02,19242.255859375,1066.5128173828125,33.35940933227539
2022-07-03,19297.076171875,1073.7669677734375,33.38593292236328
2022-07-04,20231.26171875,1151.05908203125,36.785030364990234
2022-07-05,20190.115234375,1134.541015625,35.39555358886719
2022-07-06,20548.24609375,1186.9739990234375,37.07356262207031
2022-07-07,21637.587890625,1237.5933837890625,38.518306732177734
2022-07-08,21731.1171875,1222.5062255859375,38.286720275878906
2022-07-09,21592.20703125,1216.978271484375,38.07196044921875
2022-07-10,20860.44921875,1168.401611328125,36.697608947753906
2022-07-11,19970.556640625,1097.236572265625,33.463600158691406
2022-07-12,19323.9140625,1038.191650390625,32.75759506225586
2022-07-13,20212.07421875,1113.587158203125,34.91093826293945
2022-07-14,20569.919921875,1191.5262451171875,37.10782241821289
2022-07-15,20836.328125,1233.129150390625,37.41592788696289
2022-07-16,21190.31640625,1352.62646484375,39.57412338256836
2022-07-17,20779.34375,1338.6357421875,38.64472198486328
2022-07-18,22485.689453125,1578.7178955078125,43.746158599853516
2022-07-19,23389.43359375,1542.9752197265625,44.89987564086914
2022-07-20,23231.732421875,1520.20068359375,42.09366989135742
2022-07-21,23164.62890625,1576.74951171875,43.19059371948242
2022-07-22,22714.978515625,1537.4051513671875,40.61850357055664
2022-07-23,22465.478515625,1549.2974853515625,40.040977478027344
2022-07-24,22609.1640625,1599.4766845703125,41.00658416748047
2022-07-25,21361.701171875,1445.3834228515625,36.711997985839844
2022-07-26,21239.75390625,1441.8067626953125,36.190853118896484
2022-07-27,22930.548828125,1636.232666015625,40.3078498840332
2022-07-28,23843.88671875,1725.4681396484375,42.84526824951172
2022-07-29,23804.6328125,1727.406982421875,41.926998138427734
2022-07-30,23656.20703125,1695.969482421875,43.755889892578125
2022-07-31,23336.896484375,1681.517333984375,42.400203704833984
2022-08-01,23314.19921875,1635.19580078125,41.78648376464844
2022-08-02,22978.1171875,1632.9454345703125,39.7545051574707
2022-08-03,22846.5078125,1618.87451171875,38.54441833496094
2022-08-04,22630.95703125,1608.205810546875,38.83067321777344
2022-08-05,23289.314453125,1732.254638671875,40.561031341552734
2022-08-06,22961.279296875,1691.6580810546875,40.0570068359375
2022-08-07,23175.890625,1699.350830078125,40.6055908203125
2022-08-08,23809.486328125,1775.51611328125,42.17055130004883
2022-08-09,23164.318359375,1703.0250244140625,40.372623443603516
2022-08-10,23947.642578125,1851.74267578125,42.365867614746094
2022-08-11,23957.529296875,1881.22412109375,42.8217887878418
2022-08-12,24402.818359375,1957.2464599609375,45.33475875854492
2022-08-13,24424.068359375,1981.3365478515625,46.485347747802734
2022-08-14,24319.333984375,1936.802001953125,44.916568756103516
2022-08-15,24136.97265625,1904.2281494140625,43.82322311401367
2022-08-16,23883.291015625,1878.139404296875,43.15880584716797
2022-08-17,23335.998046875,1832.9996337890625,40.403053283691406
2022-08-18,23212.73828125,1847.0078125,39.545230865478516
2022-08-19,20877.552734375,1612.9873046875,35.8902587890625
2022-08-20,21166.060546875,1577.0037841796875,35.26973342895508
2022-08-21,21534.12109375,1619.3189697265625,36.533199310302734
2022-08-22,21398.908203125,1622.505859375,35.47438049316406
2022-08-23,21528.087890625,1662.7698974609375,35.6462516784668
2022-08-24,21395.01953125,1657.0592041015625,34.957916259765625
2022-08-25,21600.904296875,1696.45703125,35.316463470458984
2022-08-26,20260.01953125,1507.7828369140625,31.726362228393555
2022-08-27,20041.73828125,1491.39501953125,31.54243278503418
2022-08-28,19616.814453125,1430.54736328125,30.39228630065918
2022-08-29,20297.994140625,1553.037353515625,32.46529769897461
2022-08-30,19796.80859375,1523.8388671875,31.41205596923828
2022-08-31,20049.763671875,1553.6849365234375,31.47295570373535
2022-09-01,20127.140625,1586.1767578125,31.585678100585938
2022-09-02,19969.771484375,1577.220458984375,31.227930068969727
2022-09-03,19832.087890625,1556.8726806640625,31.10948371887207
2022-09-04,19986.712890625,1577.6416015625,32.106956481933594
2022-09-05,19812.37109375,1617.1832275390625,32.19464874267578
2022-09-06,18837.66796875,1561.74853515625,30.891742706298828
2022-09-07,19290.32421875,1629.9063720703125,32.71091842651367
2022-09-08,19329.833984375,1635.34765625,33.608646392822266
2022-09-09,21381.15234375,1719.08544921875,34.73976516723633
2022-09-10,21680.5390625,1776.2037353515625,35.12672805786133
2022-09-11,21769.255859375,1761.800048828125,34.96596145629883
2022-09-12,22370.44921875,1713.7652587890625,37.4241828918457
2022-09-13,20296.70703125,1580.7879638671875,33.430816650390625
2022-09-14,20241.08984375,1634.7550048828125,34.09157180786133
2022-09-15,19701.2109375,1471.6934814453125,33.04768371582031
2022-09-16,19772.583984375,1432.44775390625,32.208858489990234
2022-09-17,20127.576171875,1469.74169921875,33.75077819824219
2022-09-18,19419.505859375,1335.3291015625,31.05985450744629
2022-09-19,19544.12890625,1377.5413818359375,32.685302734375
2022-09-20,18890.7890625,1324.38818359375,31.433040618896484
2022-09-21,18547.400390625,1252.6077880859375,30.826377868652344
2022-09-22,19413.55078125,1327.68017578125,32.408905029296875
2022-09-23,19297.638671875,1328.259521484375,33.6766357421875
2022-09-24,18937.01171875,1317.9932861328125,33.462650299072266
2022-09-25,18802.09765625,1294.216796875,32.33536148071289
2022-09-26,19222.671875,1335.3201904296875,33.88055419921875
2022-09-27,19110.546875,1330.127685546875,32.75012969970703
2022-09-28,19426.720703125,1337.410888671875,33.23543930053711
2022-09-29,19573.05078125,1335.65234375,33.952449798583984
2022-09-30,19431.7890625,1327.9786376953125,33.21244430541992
2022-10-01,19312.095703125,1311.6444091796875,32.46939468383789
2022-10-02,19044.107421875,1276.093505859375,32.05569839477539
2022-10-03,19623.580078125,1323.439208984375,32.967620849609375
2022-10-04,20336.84375,1362.1265869140625,34.12247085571289
2022-10-05,20160.716796875,1352.837158203125,34.073883056640625
2022-10-06,19955.443359375,1351.70947265625,33.34281921386719
2022-10-07,19546.849609375,1332.5169677734375,33.00146484375
2022-10-08,19416.568359375,1315.50048828125,32.57793426513672
2022-10-09,19446.42578125,1322.604248046875,32.913883209228516
2022-10-10,19141.484375,1291.337646484375,31.970834732055664
2022-10-11,19051.41796875,1279.57568359375,30.77686882019043
2022-10-12,19157.4453125,1294.9063720703125,31.165485382080078
2022-10-13,19382.904296875,1288.1239013671875,30.544519424438477
2022-10-14,19185.65625,1297.422119140625,30.007417678833008
2022-10-15,19067.634765625,1274.8717041015625,29.575347900390625
2022-10-16,19268.09375,1306.296630859375,30.168840408325195
2022-10-17,19550.7578125,1331.713623046875,31.224876403808594
2022-10-18,19334.416015625,1310.447021484375,30.164331436157227
2022-10-19,19139.53515625,1285.7442626953125,28.900798797607422
2022-10-20,19053.740234375,1283.200927734375,28.08509635925293
2022-10-21,19172.46875,1299.9464111328125,28.10867691040039
2022-10-22,19208.189453125,1314.2991943359375,28.01386260986328
2022-10-23,19567.0078125,1363.447021484375,29.270071029663086
2022-10-24,19345.572265625,1344.99853515625,28.3100643157959
2022-10-25,20095.857421875,1461.6654052734375,30.93997573852539
2022-10-26,20770.44140625,1566.566650390625,31.28472137451172
2022-10-27,20285.8359375,1514.3748779296875,30.630624771118164
2022-10-28,20595.3515625,1555.4779052734375,32.111263275146484
2022-10-29,20818.4765625,1619.698486328125,32.85712814331055
2022-10-30,20635.603515625,1590.7833251953125,32.9659309387207
2022-10-31,20495.7734375,1572.7144775390625,32.61103820800781
2022-11-01,20485.2734375,1579.70458984375,32.2484245300293
2022-11-02,20159.50390625,1519.7117919921875,30.788076400756836
2022-11-03,20209.98828125,1531.541748046875,30.84387969970703
2022-11-04,21147.23046875,1645.0933837890625,33.780853271484375
2022-11-05,21282.69140625,1627.968017578125,36.76576232910156
2022-11-06,20926.486328125,1572.2347412109375,32.6835823059082
2022-11-07,20602.81640625,1568.59130859375,29.60134506225586
2022-11-08,18541.271484375,1332.8355712890625,24.152936935424805
2022-11-09,15880.7802734375,1100.1697998046875,13.94085693359375
2022-11-10,17586.771484375,1299.464599609375,17.681407928466797
2022-11-11,17034.29296875,1287.2210693359375,16.326745986938477
2022-11-12,16799.185546875,1255.268310546875,14.53900146484375
2022-11-13,16353.365234375,1221.8192138671875,13.164528846740723
2022-11-14,16618.19921875,1241.604248046875,14.00135612487793
2022-11-15,16884.61328125,1251.7362060546875,14.301294326782227
2022-11-16,16669.439453125,1215.6025390625,14.285508155822754
2022-11-17,16687.517578125,1200.80859375,13.638734817504883
2022-11-18,16697.77734375,1212.30029296875,13.247496604919434
2022-11-19,16711.546875,1218.4267578125,12.851014137268066
2022-11-20,16291.83203125,1142.4666748046875,12.252833366394043
2022-11-21,15787.2841796875,1108.35302734375,11.846208572387695
2022-11-22,16189.76953125,1135.1734619140625,12.435625076293945
2022-11-23,16610.70703125,1183.1995849609375,14.35151195526123
2022-11-24,16604.46484375,1203.983154296875,14.582350730895996
2022-11-25,16521.841796875,1198.9259033203125,14.063138008117676
2022-11-26,16464.28125,1205.89794921875,14.159193992614746
2022-11-27,16444.626953125,1195.126953125,14.115766525268555
2022-11-28,16217.322265625,1170.086181640625,13.404518127441406
2022-11-29,16444.982421875,1216.9012451171875,13.369733810424805
2022-11-30,17168.56640625,1295.6885986328125,14.115445137023926
2022-12-01,16967.1328125,1276.27392578125,13.480968475341797
2022-12-02,17088.66015625,1294.3033447265625,13.7156400680542
2022-12-03,16908.236328125,1243.3348388671875,13.302457809448242
2022-12-04,17130.486328125,1280.256591796875,13.718218803405762
2022-12-05,16974.826171875,1259.6767578125,13.8311128616333
2022-12-06,17089.50390625,1271.65380859375,14.288854598999023
2022-12-07,16848.126953125,1232.4375,13.5196533203125
2022-12-08,17233.474609375,1281.1163330078125,13.68922233581543
2022-12-09,17133.15234375,1264.2847900390625,13.580187797546387
2022-12-10,17128.724609375,1266.3841552734375,13.576995849609375
2022-12-11,17104.193359375,1263.8685302734375,13.427809715270996
2022-12-12,17206.4375,1274.6190185546875,13.318544387817383
2022-12-13,17781.318359375,1320.5491943359375,13.833986282348633
2022-12-14,17815.650390625,1309.3287353515625,14.140525817871094
2022-12-15,17364.865234375,1266.3538818359375,14.02151107788086
2022-12-16,16647.484375,1168.2593994140625,12.266606330871582
2022-12-17,16795.091796875,1188.1495361328125,12.504404067993164
2022-12-18,16757.9765625,1184.7152099609375,12.41312026977539
2022-12-19,16439.6796875,1167.60986328125,11.932655334472656
2022-12-20,16906.3046875,1217.70361328125,12.28051471710205
2022-12-21,16817.53515625,1213.5999755859375,12.128985404968262
2022-12-22,16830.341796875,1218.18212890625,11.794829368591309
2022-12-23,16796.953125,1220.159423828125,11.786166191101074
2022-12-24,16847.755859375,1221.1485595703125,11.444275856018066
2022-12-25,16841.986328125,1218.9620361328125,11.387903213500977
2022-12-26,16919.8046875,1226.974365234375,11.306611061096191
2022-12-27,16717.173828125,1212.7916259765625,11.085430145263672
2022-12-28,16552.572265625,1189.986083984375,9.755906105041504
2022-12-29,16642.341796875,1201.5953369140625,9.651782989501953
2022-12-30,16602.5859375,1199.2327880859375,9.880176544189453
2022-12-31,16547.49609375,1196.771240234375,9.961038589477539
2023-01-01,16625.080078125,1200.96484375,9.982172966003418
2023-01-02,16688.470703125,1214.6566162109375,11.272967338562012
2023-01-03,16679.857421875,1214.77880859375,13.344045639038086
2023-01-04,16863.23828125,1256.526611328125,13.435112953186035
2023-01-05,16836.736328125,1250.4385986328125,13.419329643249512
2023-01-06,16951.96875,1269.3790283203125,13.52584171295166
2023-01-07,16955.078125,1264.2703857421875,13.092267990112305
2023-01-08,17091.14453125,1287.3594970703125,14.31993293762207
2023-01-09,17196.5546875,1321.5389404296875,16.30246353149414
2023-01-10,17446.29296875,1336.5860595703125,16.19672393798828
2023-01-11,17934.896484375,1387.9327392578125,16.35941505432129
2023-01-12,18869.587890625,1417.9384765625,16.619043350219727
2023-01-13,19909.57421875,1451.6148681640625,18.28844451904297
2023-01-14,20976.298828125,1550.7069091796875,24.24945831298828
2023-01-15,20880.798828125,1552.4794921875,22.873306274414062
2023-01-16,21169.6328125,1576.83349609375,23.577564239501953
2023-01-17,21161.51953125,1567.8460693359375,22.884063720703125
2023-01-18,20688.78125,1515.5069580078125,20.85063362121582
2023-01-19,21086.79296875,1552.5565185546875,21.42676544189453
2023-01-20,22676.552734375,1659.754150390625,25.54827117919922
2023-01-21,22777.625,1627.1181640625,24.627838134765625
2023-01-22,22720.416015625,1628.382080078125,24.232789993286133
2023-01-23,22934.431640625,1628.2510986328125,24.357807159423828
2023-01-24,22636.46875,1556.604248046875,22.795673370361328
2023-01-25,23117.859375,1611.7110595703125,24.57144546508789
2023-01-26,23032.77734375,1603.10595703125,24.350696563720703
2023-01-27,23078.728515625,1598.156494140625,24.40785789489746
2023-01-28,23031.08984375,1572.43505859375,23.981801986694336
2023-01-29,23774.56640625,1646.1556396484375,26.132387161254883
2023-01-30,22840.138671875,1567.3265380859375,23.946321487426758
2023-01-31,23139.283203125,1586.535400390625,23.952547073364258
2023-02-01,23723.76953125,1641.792724609375,24.993358612060547
2023-02-02,23471.87109375,1643.2415771484375,24.265058517456055
2023-02-03,23449.322265625,1664.74560546875,24.680896759033203
2023-02-04,23331.84765625,1667.0592041015625,24.317745208740234
2023-02-05,22955.666015625,1631.6458740234375,23.493438720703125
2023-02-06,22760.109375,1616.2470703125,22.706388473510742
2023-02-07,23264.291015625,1672.0035400390625,23.861356735229492
2023-02-08,22939.3984375,1650.716796875,23.192670822143555
2023-02-09,21819.0390625,1546.438232421875,20.45212745666504
2023-02-10,21651.18359375,1514.869140625,20.130109786987305
2023-02-11,21870.875,1539.9267578125,20.830095291137695
2023-02-12,21788.203125,1515.03369140625,21.489978790283203
2023-02-13,21808.1015625,1507.1658935546875,20.79010009765625
2023-02-14,22220.8046875,1556.8751220703125,21.824953079223633
2023-02-15,24307.841796875,1673.7459716796875,23.883901596069336
2023-02-16,23623.474609375,1640.067626953125,22.285951614379883
2023-02-17,24565.6015625,1694.7833251953125,23.166757583618164
2023-02-18,24641.27734375,1691.8194580078125,23.478591918945312
2023-02-19,24327.642578125,1681.4361572265625,24.84075164794922
2023-02-20,24829.1484375,1702.6751708984375,26.181386947631836
2023-02-21,24436.353515625,1658.036376953125,24.948558807373047
2023-02-22,24188.84375,1643.231689453125,24.18134880065918
2023-02-23,23947.4921875,1651.0738525390625,23.900800704956055
2023-02-24,23198.126953125,1608.3731689453125,23.053035736083984
2023-02-25,23175.375,1594.9149169921875,22.523399353027344
2023-02-26,23561.212890625,1640.817138671875,23.256088256835938
2023-02-27,23522.87109375,1634.326416015625,22.692588806152344
2023-02-28,23147.353515625,1605.8951416015625,21.9163875579834
2023-03-01,23646.55078125,1663.4337158203125,22.506431579589844
2023-03-02,23475.466796875,1647.3193359375,21.984878540039062
2023-03-03,22362.6796875,1569.1676025390625,21.39935302734375
2023-03-04,22353.349609375,1566.9239501953125,20.966838836669922
2023-03-05,22435.513671875,1564.46875,20.97858428955078
2023-03-06,22429.7578125,1567.398681640625,20.635011672973633
2023-03-07,22219.76953125,1561.93310546875,20.244731903076172
2023-03-08,21718.080078125,1534.0882568359375,18.421194076538086
2023-03-09,20363.021484375,1438.6607666015625,17.308147430419922
2023-03-10,20187.244140625,1429.1580810546875,18.243642807006836
2023-03-11,20632.41015625,1482.61669921875,18.22584342956543
2023-03-12,22163.94921875,1590.29296875,20.310531616210938
2023-03-13,24197.533203125,1680.3089599609375,20.433712005615234
2023-03-14,24746.07421875,1703.507080078125,20.92803382873535
2023-03-15,24375.9609375,1656.1805419921875,19.29098129272461
2023-03-16,25052.7890625,1677.2154541015625,19.73054313659668
2023-03-17,27423.9296875,1792.485107421875,21.62910270690918
2023-03-18,26965.87890625,1761.65966796875,21.19590187072754
2023-03-19,28038.67578125,1785.5765380859375,21.90340232849121
2023-03-20,27767.236328125,1735.3212890625,22.176464080810547
2023-03-21,28175.81640625,1806.7607421875,22.618267059326172
2023-03-22,27307.4375,1737.717041015625,21.480485916137695
2023-03-23,28333.97265625,1816.4051513671875,22.216777801513672
2023-03-24,27493.28515625,1752.0447998046875,20.678855895996094
2023-03-25,27494.70703125,1743.7647705078125,20.446645736694336
2023-03-26,27994.330078125,1775.6767578125,20.97551918029785
2023-03-27,27139.888671875,1715.4608154296875,19.921674728393555
2023-03-28,27268.130859375,1772.78564453125,20.4706974029541
2023-03-29,28348.44140625,1793.0018310546875,21.111467361450195
2023-03-30,28033.5625,1792.7371826171875,20.55104637145996
2023-03-31,28478.484375,1822.0220947265625,21.170495986938477
2023-04-01,28411.03515625,1813.860595703125,20.97564125061035
2023-04-02,28199.30859375,1795.7081298828125,20.536975860595703
2023-04-03,27790.220703125,1810.297119140625,20.443050384521484
2023-04-04,28168.08984375,1871.005126953125,20.924619674682617
2023-04-05,28177.984375,1909.114013671875,20.966007232666016
2023-04-06,28044.140625,1872.922607421875,20.61012840270996
2023-04-07,27925.859375,1865.6361083984375,20.469940185546875
2023-04-08,27947.794921875,1849.4981689453125,20.036449432373047
2023-04-09,28333.05078125,1859.3878173828125,20.29946517944336
2023-04-10,29652.98046875,1911.20751953125,20.882356643676758
2023-04-11,30235.05859375,1892.189697265625,23.018827438354492
2023-04-12,30139.052734375,1920.68212890625,23.985305786132812
2023-04-13,30399.06640625,2012.6346435546875,24.432308197021484
2023-04-14,30485.69921875,2101.635498046875,24.772722244262695
2023-04-15,30318.49609375,2092.466796875,24.079378128051758
2023-04-16,30315.35546875,2120.005859375,25.361927032470703
2023-04-17,29445.044921875,2076.242919921875,24.55884552001953
2023-04-18,30397.552734375,2104.537353515625,24.852689743041992
2023-04-19,28822.6796875,1936.4034423828125,22.71283531188965
2023-04-20,28245.98828125,1943.09765625,22.181440353393555
2023-04-21,27276.91015625,1849.9998779296875,21.278135299682617
2023-04-22,27817.5,1874.2286376953125,21.816287994384766
2023-04-23,27591.384765625,1862.06201171875,21.480138778686523
2023-04-24,27525.33984375,1842.7574462890625,21.391069412231445
2023-04-25,28307.59765625,1866.753662109375,21.92725372314453
2023-04-26,28422.701171875,1866.564208984375,21.28301239013672
2023-04-27,29473.787109375,1908.786376953125,22.34011459350586
2023-04-28,29340.26171875,1892.5128173828125,23.366287231445312
2023-04-29,29248.48828125,1908.9169921875,23.18299674987793
2023-04-30,29268.806640625,1876.92431640625,22.832014083862305
2023-05-01,28091.568359375,1831.954833984375,21.98663330078125
2023-05-02,28680.537109375,1870.789306640625,22.264978408813477
2023-05-03,29006.30859375,1904.65185546875,22.218002319335938
2023-05-04,28847.7109375,1877.7041015625,21.730348587036133
2023-05-05,29534.384765625,1995.0609130859375,22.82611083984375
2023-05-06,28904.623046875,1900.2218017578125,21.974262237548828
2023-05-07,28454.978515625,1873.076416015625,21.844228744506836
2023-05-08,27694.2734375,1849.042724609375,20.65746307373047
2023-05-09,27658.775390625,1848.6031494140625,20.683645248413086
2023-05-10,27621.755859375,1842.4014892578125,20.953710556030273
2023-05-11,27000.7890625,1796.4906005859375,20.234880447387695
2023-05-12,26804.990234375,1808.019775390625,20.911794662475586
2023-05-13,26784.078125,1796.1148681640625,20.86876106262207
2023-05-14,26930.638671875,1800.5009765625,20.953397750854492
2023-05-15,27192.693359375,1817.5499267578125,21.00718879699707
2023-05-16,27036.650390625,1824.1214599609375,20.679420471191406
2023-05-17,27398.802734375,1821.859619140625,21.06839942932129
2023-05-18,26832.208984375,1801.728515625,20.348695755004883
2023-05-19,26890.12890625,1812.5894775390625,20.349870681762695
2023-05-20,27129.5859375,1820.47802734375,20.285446166992188
2023-05-21,26753.826171875,1804.5313720703125,19.609437942504883
2023-05-22,26851.27734375,1817.5347900390625,19.54204559326172
2023-05-23,27225.7265625,1854.380615234375,20.043182373046875
2023-05-24,26334.818359375,1800.0999755859375,19.223663330078125
2023-05-25,26476.20703125,1805.9537353515625,19.260662078857422
2023-05-26,26719.291015625,1828.689697265625,19.36695671081543
2023-05-27,26868.353515625,1831.1182861328125,20.425233840942383
2023-05-28,28085.646484375,1910.9141845703125,20.7985782623291
2023-05-29,27745.884765625,1893.078125,20.586509704589844
2023-05-30,27702.349609375,1901.026611328125,21.25408363342285
2023-05-31,27219.658203125,1874.1304931640625,20.82450294494629
2023-06-01,26819.97265625,1862.201416015625,20.50221824645996
2023-06-02,27249.58984375,1907.256591796875,21.25759506225586
2023-06-03,27075.12890625,1892.4124755859375,21.15556526184082
2023-06-04,27119.06640625,1890.5135498046875,21.8189754486084
2023-06-05,25760.09765625,1811.828369140625,20.07505989074707
2023-06-06,27238.783203125,1884.494873046875,20.398483276367188
2023-06-07,26345.998046875,1832.39599609375,18.6342830657959
2023-06-08,26508.216796875,1846.3018798828125,18.909475326538086
2023-06-09,26480.375,1840.2252197265625,17.37969970703125
2023-06-10,25851.240234375,1752.384765625,15.65610122680664
2023-06-11,25940.16796875,1753.415283203125,15.558775901794434
2023-06-12,25902.5,1742.5286865234375,15.196707725524902
2023-06-13,25918.728515625,1739.03759765625,15.018193244934082
2023-06-14,25124.67578125,1650.519287109375,14.486572265625
2023-06-15,25576.39453125,1665.519775390625,14.759472846984863
2023-06-16,26327.462890625,1716.6688232421875,15.30825424194336
2023-06-17,26510.67578125,1727.2041015625,15.650521278381348
2023-06-18,26336.212890625,1720.5775146484375,15.43823528289795
2023-06-19,26851.029296875,1737.659423828125,16.073041915893555
2023-06-20,28327.48828125,1792.1199951171875,16.635231018066406
2023-06-21,30027.296875,1891.0072021484375,17.25704574584961
2023-06-22,29912.28125,1872.9429931640625,16.642620086669922
2023-06-23,30695.46875,1892.862060546875,17.149534225463867
2023-06-24,30548.6953125,1876.0596923828125,16.652862548828125
2023-06-25,30480.26171875,1900.506103515625,16.97138023376465
2023-06-26,30271.130859375,1859.432861328125,16.27002716064453
2023-06-27,30688.1640625,1889.703369140625,16.61964988708496
2023-06-28,30086.24609375,1827.97119140625,15.98684310913086
2023-06-29,30445.3515625,1852.227294921875,17.970457077026367
2023-06-30,30477.251953125,1933.18896484375,18.897321701049805
2023-07-01,30590.078125,1924.56591796875,18.683902740478516
2023-07-02,30620.76953125,1937.4383544921875,19.453594207763672
2023-07-03,31156.439453125,1955.38916015625,19.240537643432617
2023-07-04,30777.58203125,1936.633544921875,19.14322853088379
2023-07-05,30514.166015625,1910.5880126953125,18.99286460876465
2023-07-06,29909.337890625,1848.636474609375,19.729385375976562
2023-07-07,30342.265625,1870.6025390625,21.484664916992188
2023-07-08,30292.541015625,1865.53955078125,21.859268188476562
2023-07-09,30171.234375,1863.009765625,21.3490047454834
2023-07-10,30414.470703125,1880.556396484375,21.31377601623535
2023-07-11,30620.951171875,1878.3360595703125,22.092933654785156
2023-07-12,30391.646484375,1872.11376953125,21.977602005004883
2023-07-13,31476.048828125,2006.511474609375,26.02569580078125
2023-07-14,30334.068359375,1939.3470458984375,26.7357177734375
2023-07-15,30295.806640625,1931.466552734375,27.391355514526367
2023-07-16,30249.1328125,1923.681884765625,27.384082794189453
2023-07-17,30145.888671875,1911.6461181640625,26.872766494750977
2023-07-18,29856.5625,1897.5992431640625,25.544504165649414
2023-07-19,29913.923828125,1889.0079345703125,26.372352600097656
2023-07-20,29792.015625,1890.9691162109375,25.375167846679688
2023-07-21,29908.744140625,1892.080078125,25.544267654418945
2023-07-22,29771.802734375,1864.912353515625,24.535053253173828
2023-07-23,30084.5390625,1889.191650390625,24.766815185546875
2023-07-24,29176.916015625,1850.0020751953125,23.38149070739746
2023-07-25,29227.390625,1857.741943359375,23.279321670532227
2023-07-26,29354.97265625,1872.159912109375,25.177053451538086
2023-07-27,29210.689453125,1860.357177734375,25.099336624145508
2023-07-28,29319.24609375,1874.744873046875,24.84685707092285
2023-07-29,29356.91796875,1881.06884765625,25.168973922729492
2023-07-30,29275.30859375,1861.643798828125,24.261018753051758
2023-07-31,29230.111328125,1856.162353515625,23.720956802368164
2023-08-01,29675.732421875,1871.7921142578125,23.99875259399414
2023-08-02,29151.958984375,1839.0897216796875,23.145721435546875
2023-08-03,29178.6796875,1835.136474609375,22.636049270629883
2023-08-04,29074.091796875,1827.712890625,22.79361915588379
2023-08-05,29042.126953125,1834.9879150390625,22.632204055786133
2023-08-06,29041.85546875,1827.4620361328125,23.18569564819336
2023-08-07,29180.578125,1826.9388427734375,23.068756103515625
2023-08-08,29765.4921875,1855.807373046875,24.211763381958008
2023-08-09,29561.494140625,1854.297607421875,24.37852668762207
2023-08-10,29429.591796875,1850.75341796875,24.613052368164062
2023-08-11,29397.71484375,1847.1243896484375,24.582860946655273
2023-08-12,29415.96484375,1848.889892578125,24.90673065185547
2023-08-13,29282.9140625,1839.2801513671875,24.24288558959961
2023-08-14,29408.443359375,1844.185791015625,25.142822265625
2023-08-15,29170.34765625,1826.9327392578125,23.89658546447754
2023-08-16,28701.779296875,1805.6590576171875,22.811975479125977
2023-08-17,26664.55078125,1684.9334716796875,21.70997428894043
2023-08-18,26049.556640625,1660.945068359375,21.335493087768555
2023-08-19,26096.205078125,1669.471923828125,21.879037857055664
2023-08-20,26189.583984375,1684.85205078125,21.77327537536621
2023-08-21,26124.140625,1667.26904296875,21.20825958251953
2023-08-22,26031.65625,1633.892578125,20.546541213989258
2023-08-23,26431.640625,1679.2744140625,21.703624725341797
2023-08-24,26162.373046875,1659.944580078125,21.033031463623047
2023-08-25,26047.66796875,1652.93505859375,20.392719268798828
2023-08-26,26008.462890625,1646.3067626953125,20.280424118041992
2023-08-27,26089.693359375,1657.5130615234375,20.78683853149414
2023-08-28,26106.150390625,1652.4573974609375,20.557100296020508
2023-08-29,27727.392578125,1729.7257080078125,21.780763626098633
2023-08-30,27297.265625,1705.1121826171875,20.834903717041016
2023-08-31,25931.47265625,1645.63916015625,19.735092163085938
2023-09-01,25800.724609375,1628.4912109375,19.327844619750977
2023-09-02,25868.798828125,1637.025390625,19.493743896484375
2023-09-03,25969.56640625,1636.11767578125,19.578746795654297
2023-09-04,25812.416015625,1629.6552734375,19.499408721923828
2023-09-05,25779.982421875,1633.62939453125,20.272384643554688
2023-09-06,25753.236328125,1632.2523193359375,19.62002944946289
2023-09-07,26240.1953125,1647.5982666015625,19.890499114990234
2023-09-08,25905.654296875,1636.1378173828125,19.599044799804688
2023-09-09,25895.677734375,1635.162353515625,19.44607162475586
2023-09-10,25832.2265625,1616.828857421875,18.248830795288086
2023-09-11,25162.654296875,1551.6376953125,17.739166259765625
2023-09-12,25833.34375,1592.429443359375,17.929826736450195
2023-09-13,26228.32421875,1607.988525390625,18.402999877929688
2023-09-14,26539.673828125,1626.974365234375,18.838306427001953
2023-09-15,26608.693359375,1641.640380859375,19.16884422302246
2023-09-16,26568.28125,1635.2216796875,19.140369415283203
2023-09-17,26534.1875,1622.896728515625,18.831628799438477
2023-09-18,26754.28125,1637.3470458984375,19.657245635986328
2023-09-19,27211.1171875,1643.544677734375,20.03618812561035
2023-09-20,27132.0078125,1622.890625,20.3049373626709
2023-09-21,26567.6328125,1584.3070068359375,19.47907066345215
2023-09-22,26579.568359375,1593.268310546875,19.43814468383789
2023-09-23,26579.390625,1593.8577880859375,19.47390365600586
2023-09-24,26256.826171875,1580.8533935546875,19.374290466308594
2023-09-25,26298.48046875,1588.3228759765625,19.40414047241211
2023-09-26,26217.25,1593.417236328125,19.023286819458008
2023-09-27,26352.716796875,1597.4912109375,19.130022048950195
2023-09-28,27021.546875,1652.8826904296875,19.957616806030273
2023-09-29,26911.720703125,1667.94384765625,20.300655364990234
2023-09-30,26967.916015625,1671.161865234375,21.3951473236084
2023-10-01,27983.75,1733.8104248046875,23.83648681640625
2023-10-02,27530.78515625,1663.6275634765625,23.371700286865234
2023-10-03,27429.978515625,1656.6856689453125,23.55269432067871
2023-10-04,27799.39453125,1647.838134765625,23.144786834716797
2023-10-05,27415.912109375,1611.4764404296875,22.694141387939453
2023-10-06,27946.59765625,1645.83154296875,23.424453735351562
2023-10-07,27968.83984375,1634.51123046875,23.287302017211914
2023-10-08,27935.08984375,1633.548583984375,23.24642562866211
2023-10-09,27583.677734375,1579.806640625,22.118396759033203
2023-10-10,27391.01953125,1567.7130126953125,22.10511589050293
2023-10-11,26873.3203125,1566.2547607421875,22.00741958618164
2023-10-12,26756.798828125,1539.6124267578125,21.300268173217773
2023-10-13,26862.375,1552.0894775390625,21.834917068481445
2023-10-14,26861.70703125,1555.2568359375,22.01171875
2023-10-15,27159.65234375,1558.06982421875,21.922027587890625
2023-10-16,28519.466796875,1600.5343017578125,23.98295783996582
2023-10-17,28415.748046875,1565.4395751953125,23.959318161010742
2023-10-18,28328.341796875,1563.7498779296875,23.432138442993164
2023-10-19,28719.806640625,1567.45703125,24.93791961669922
2023-10-20,29682.94921875,1604.6668701171875,27.033674240112305
2023-10-21,29918.412109375,1629.304443359375,29.386228561401367
2023-10-22,29993.896484375,1663.429931640625,29.03668212890625
2023-10-23,33086.234375,1765.3826904296875,31.850984573364258
2023-10-24,33901.52734375,1784.4375,30.15153694152832
2023-10-25,34502.8203125,1787.3975830078125,32.46306610107422
2023-10-26,34156.6484375,1804.039306640625,32.77549362182617
2023-10-27,33909.80078125,1780.0452880859375,31.73969841003418
2023-10-28,34089.57421875,1776.6181640625,31.653318405151367
2023-10-29,34538.48046875,1795.5460205078125,32.822608947753906
2023-10-30,34502.36328125,1810.088623046875,34.962337493896484
2023-10-31,34667.78125,1816.458984375,38.51951599121094
2023-11-01,35437.25390625,1847.0897216796875,41.461544036865234
2023-11-02,34938.2421875,1800.6209716796875,40.20756912231445
2023-11-03,34732.32421875,1832.795166015625,39.51976013183594
2023-11-04,35082.1953125,1857.6986083984375,42.346595764160156
2023-11-05,35049.35546875,1894.15771484375,41.23860168457031
2023-11-06,35037.37109375,1899.83740234375,42.12858963012695
2023-11-07,35443.5625,1888.124267578125,43.09254455566406
2023-11-08,35655.27734375,1889.3223876953125,43.18988800048828
2023-11-09,36693.125,2120.56103515625,45.444828033447266
2023-11-10,37313.96875,2078.289794921875,56.64385223388672
2023-11-11,37138.05078125,2052.7138671875,56.1026611328125
2023-11-12,37054.51953125,2045.18701171875,56.15409851074219
2023-11-13,36502.35546875,2055.265380859375,51.90705108642578
2023-11-14,35537.640625,1979.0526123046875,56.838375091552734
2023-11-15,37880.58203125,2060.408447265625,65.5344009399414
2023-11-16,36154.76953125,1960.881591796875,57.871402740478516
2023-11-17,36596.68359375,1961.28076171875,58.41593551635742
2023-11-18,36585.703125,1963.2850341796875,58.512725830078125
2023-11-19,37386.546875,2013.2044677734375,61.393558502197266
2023-11-20,37476.95703125,2022.2391357421875,56.53383255004883
2023-11-21,36890.18359375,1974.1893310546875,53.47198486328125
